"Data generated on Tuesday, February 14, 2017 at 2:38:31 PM EST"
Area/Partners of Destination,,,,,January - December
And Commodities Exported,,,,,Values in Thousands of dollars
,,,,2011,2012,2013,2014,2015,2016,
,Partner,,Product,Value,Value,Value,Value,Value,Value,Reporter Code,Partner Code,Product Code,
"1","China","1","   FAS Agricultural Total","18,897,566","25,859,457","25,498,785","24,217,232","20,265,564","21,412,232","US","CH","M1",
"2","Canada","1","   FAS Agricultural Total","19,040,892","20,626,896","21,374,899","21,962,897","20,991,379","20,242,257","US","CA","M1",
"3","Mexico","1","   FAS Agricultural Total","18,350,965","18,891,975","18,099,078","19,364,710","17,696,644","17,849,831","US","MX","M1",
"4","European Union-28","1","   FAS Agricultural Total","9,677,865","10,114,460","11,901,786","12,564,857","12,133,204","11,506,699","US","R25","M1",
"5","Japan","1","   FAS Agricultural Total","14,066,243","13,503,154","12,230,822","13,154,121","11,131,568","11,060,341","US","JA","M1",
"6","Korea, South","1","   FAS Agricultural Total","6,976,255","6,030,820","5,257,137","6,883,311","6,027,551","6,201,549","US","KS","M1",
"7","Hong Kong","1","   FAS Agricultural Total","3,314,874","3,412,858","3,851,561","4,087,839","3,580,612","3,834,174","US","HK","M1",
"8","Taiwan","1","   FAS Agricultural Total","3,612,418","3,210,422","3,081,006","3,488,769","3,149,427","3,238,736","US","TW","M1",
"9","Indonesia","1","   FAS Agricultural Total","2,813,692","2,497,040","2,823,239","2,911,651","2,194,133","2,690,697","US","ID","M1",
"10","Vietnam","1","   FAS Agricultural Total","1,644,631","1,653,282","2,153,917","2,318,660","2,230,360","2,670,498","US","VM","M1",
"11","Philippines","1","   FAS Agricultural Total","2,113,185","2,377,430","2,509,922","2,732,807","2,310,641","2,565,717","US","RP","M1",
"12","Colombia","1","   FAS Agricultural Total","1,123,396","1,100,053","1,514,834","2,460,598","2,409,777","2,377,283","US","CO","M1",
"13","Thailand","1","   FAS Agricultural Total","1,346,320","1,488,030","1,410,243","1,626,480","1,699,466","1,603,923","US","TH","M1",
"14","Saudi Arabia","1","   FAS Agricultural Total","1,308,183","1,186,857","1,155,416","1,346,331","1,281,443","1,416,541","US","SA","M1",
"15","Turkey","1","   FAS Agricultural Total","2,449,077","1,991,901","2,161,284","2,137,127","1,327,132","1,369,705","US","TU","M1",
"16","Australia(*)","1","   FAS Agricultural Total","1,157,598","1,259,436","1,384,241","1,534,658","1,417,053","1,292,331","US","AS","M1",
"17","India","1","   FAS Agricultural Total","724,012","882,155","864,632","1,018,415","1,186,257","1,273,688","US","IN","M1",
"18","Dominican Republic","1","   FAS Agricultural Total","1,189,498","1,054,441","1,104,052","1,303,087","1,132,562","1,175,129","US","DR","M1",
"19","United Arab Emirates","1","   FAS Agricultural Total","970,352","1,026,489","1,230,382","1,231,993","1,268,500","1,153,483","US","AE","M1",
"20","Peru","1","   FAS Agricultural Total","843,815","546,947","718,122","1,212,783","1,064,376","1,146,823","US","PE","M1",
"21","Guatemala","1","   FAS Agricultural Total","1,033,823","973,650","951,632","1,123,084","1,072,223","1,081,375","US","GT","M1",
"22","Brazil","1","   FAS Agricultural Total","801,297","526,136","1,899,514","1,421,510","679,535","873,110","US","BR","M1",
"23","Chile","1","   FAS Agricultural Total","572,107","696,864","902,076","858,696","808,583","848,315","US","CI","M1",
"24","Malaysia","1","   FAS Agricultural Total","1,014,335","883,363","1,033,847","963,445","837,733","802,445","US","MY","M1",
"25","Egypt","1","   FAS Agricultural Total","2,507,071","1,868,195","1,647,663","1,723,164","1,051,813","772,817","US","EG","M1",
"26","Singapore","1","   FAS Agricultural Total","618,192","691,739","754,755","784,541","674,140","738,353","US","SN","M1",
"27","Costa Rica","1","   FAS Agricultural Total","658,843","630,001","485,342","609,845","650,529","700,640","US","CS","M1",
"28","Panama","1","   FAS Agricultural Total","493,657","489,625","641,175","655,408","652,013","670,052","US","PM","M1",
"29","Honduras","1","   FAS Agricultural Total","631,715","604,360","577,188","634,770","579,472","649,436","US","HO","M1",
"30","Venezuela","1","   FAS Agricultural Total","1,225,319","1,692,477","1,546,388","1,276,047","672,629","645,780","US","VE","M1",
"31","Pakistan","1","   FAS Agricultural Total","501,842","306,355","373,635","249,301","447,260","618,090","US","PK","M1",
"32","El Salvador","1","   FAS Agricultural Total","604,041","510,982","470,967","536,643","497,183","560,053","US","ES","M1",
"33","Israel(*)","1","   FAS Agricultural Total","887,258","628,612","628,756","700,926","450,651","550,508","US","IS","M1",
"34","Bangladesh","1","   FAS Agricultural Total","434,275","179,976","252,460","364,497","493,792","495,726","US","BG","M1",
"35","Morocco","1","   FAS Agricultural Total","930,103","660,847","438,931","412,143","307,086","424,960","US","MO","M1",
"36","Switzerland(*)","1","   FAS Agricultural Total","338,178","299,685","467,184","395,943","466,712","422,704","US","SZ","M1",
"37","Jamaica","1","   FAS Agricultural Total","401,690","432,014","430,643","412,385","378,382","371,514","US","JM","M1",
"38","Nigeria","1","   FAS Agricultural Total","1,276,288","1,061,984","1,085,334","847,111","671,125","368,732","US","NI","M1",
"39","Haiti","1","   FAS Agricultural Total","326,428","369,344","392,663","359,231","353,691","358,060","US","HA","M1",
"40","New Zealand(*)","1","   FAS Agricultural Total","303,215","376,690","396,256","459,693","395,332","356,095","US","NZ","M1",
"41","Trinidad and Tobago","1","   FAS Agricultural Total","315,604","343,873","387,232","402,753","382,624","349,487","US","TD","M1",
"42","South Africa","1","   FAS Agricultural Total","365,537","270,912","296,247","253,332","206,463","340,870","US","SF","M1",
"43","Ecuador","1","   FAS Agricultural Total","338,746","466,955","423,419","421,256","357,195","293,516","US","EC","M1",
"44","Algeria","1","   FAS Agricultural Total","169,060","216,674","291,813","228,005","136,193","275,204","US","AG","M1",
"45","Jordan","1","   FAS Agricultural Total","383,322","216,297","253,183","222,731","229,874","272,792","US","JO","M1",
"46","Russia","1","   FAS Agricultural Total","1,240,519","1,654,760","1,207,940","899,625","426,143","250,158","US","RS","M1",
"47","Bahamas, The","1","   FAS Agricultural Total","230,660","246,354","239,312","245,975","252,147","247,460","US","BF","M1",
"48","Cuba","1","   FAS Agricultural Total","352,780","459,479","350,151","286,429","148,705","220,634","US","CU","M1",
"49","Nicaragua","1","   FAS Agricultural Total","263,909","250,609","198,989","218,087","219,785","218,534","US","NU","M1",
"50","Kuwait","1","   FAS Agricultural Total","206,096","193,196","223,681","235,587","232,381","217,995","US","KU","M1",
"51","Netherlands Antilles(*)","1","   FAS Agricultural Total","174,028","181,885","190,388","204,531","203,675","217,409","US","NT","M1",
"52","Tunisia","1","   FAS Agricultural Total","319,734","231,930","160,645","171,417","147,037","208,382","US","TS","M1",
"53","Argentina","1","   FAS Agricultural Total","153,380","165,231","159,307","158,697","147,569","161,513","US","AR","M1",
"54","Leeward-Windward Islands(*)","1","   FAS Agricultural Total","164,364","185,089","168,467","173,688","161,291","158,419","US","Y1","M1",
"55","Ethiopia(*)","1","   FAS Agricultural Total","107,546","97,781","69,778","84,060","94,052","150,390","US","ET","M1",
"56","Iraq","1","   FAS Agricultural Total","657,321","145,197","153,523","204,967","177,281","132,640","US","IZ","M1",
"57","Sri Lanka","1","   FAS Agricultural Total","94,647","45,115","126,730","129,352","138,610","117,227","US","CE","M1",
"58","Yemen(*)","1","   FAS Agricultural Total","200,357","147,747","156,515","101,432","102,133","116,469","US","YM","M1",
"59","Lebanon","1","   FAS Agricultural Total","140,654","103,156","96,553","107,038","90,442","102,105","US","LE","M1",
"60","Iran","1","   FAS Agricultural Total","56,901","135,201","191,003","63,873","141,228","101,868","US","IR","M1",
"61","Angola","1","   FAS Agricultural Total","227,127","264,876","271,031","297,681","129,817","96,312","US","AO","M1",
"62","Norway(*)","1","   FAS Agricultural Total","82,440","90,117","116,163","101,678","114,900","93,543","US","NO","M1",
"63","Barbados","1","   FAS Agricultural Total","88,614","87,004","91,568","96,952","94,162","93,029","US","BB","M1",
"64","Bermuda","1","   FAS Agricultural Total","96,830","89,215","90,786","92,705","92,897","90,035","US","BD","M1",
"65","Burma","1","   FAS Agricultural Total","15,618","8,108","12,436","16,495","38,413","82,448","US","BM","M1",
"66","Qatar","1","   FAS Agricultural Total","59,644","67,256","75,570","84,039","72,936","80,597","US","QA","M1",
"67","Kazakhstan","1","   FAS Agricultural Total","48,533","124,444","79,640","57,172","54,779","77,607","US","KZ","M1",
"68","Libya","1","   FAS Agricultural Total","195,970","125,940","172,987","104,379","129,259","74,266","US","LY","M1",
"69","Ghana","1","   FAS Agricultural Total","115,123","176,641","183,039","129,388","75,589","73,109","US","GH","M1",
"70","Uruguay","1","   FAS Agricultural Total","52,484","58,838","83,742","78,752","74,414","65,027","US","UY","M1",
"71","Bahrain","1","   FAS Agricultural Total","52,827","62,898","77,470","73,963","60,235","64,928","US","BA","M1",
"72","Oman","1","   FAS Agricultural Total","87,802","68,715","56,782","60,316","63,572","64,700","US","MU","M1",
"73","Cayman Islands","1","   FAS Agricultural Total","49,838","54,431","61,538","65,373","59,975","64,265","US","CJ","M1",
"74","Djibouti","1","   FAS Agricultural Total","84,249","69,676","102,171","39,734","56,451","63,188","US","DJ","M1",
"75","Guyana","1","   FAS Agricultural Total","53,648","55,753","57,436","64,276","71,218","62,794","US","GY","M1",
"76","Kenya","1","   FAS Agricultural Total","94,749","80,926","80,096","67,991","65,484","55,710","US","KE","M1",
"77","Bolivia","1","   FAS Agricultural Total","27,911","28,576","39,066","44,621","33,361","54,884","US","BL","M1",
"78","French Pacific Islands(*)","1","   FAS Agricultural Total","65,394","67,247","69,493","64,491","56,981","54,637","US","Z1","M1",
"79","Sudan(*)","1","   FAS Agricultural Total","62,976","49,502","55,969","84,618","63,184","53,978","US","SU","M1",
"80","Cambodia","1","   FAS Agricultural Total","12,550","19,707","25,654","26,690","39,725","49,501","US","CB","M1",
"81","Belize","1","   FAS Agricultural Total","44,862","44,766","47,270","45,816","51,654","45,239","US","BH","M1",
"82","Suriname","1","   FAS Agricultural Total","50,844","57,857","54,013","54,111","49,415","44,239","US","NS","M1",
"83","Congo (Brazzaville)","1","   FAS Agricultural Total","54,304","59,329","50,414","51,272","36,694","42,393","US","CF","M1",
"84","Tanzania","1","   FAS Agricultural Total","66,340","13,551","39,441","42,550","33,298","37,210","US","TZ","M1",
"85","Ukraine","1","   FAS Agricultural Total","90,244","135,040","201,808","88,710","39,223","36,631","US","UP","M1",
"86","Liberia","1","   FAS Agricultural Total","50,469","51,639","24,393","16,996","24,115","34,281","US","LI","M1",
"87","Turks and Caicos Islands","1","   FAS Agricultural Total","18,623","20,036","21,604","25,196","26,528","31,399","US","TK","M1",
"88","Georgia","1","   FAS Agricultural Total","117,757","119,605","100,287","94,886","64,910","31,069","US","GG","M1",
"89","Paraguay","1","   FAS Agricultural Total","39,640","51,891","43,000","39,839","34,562","30,229","US","PA","M1",
"90","Cameroon","1","   FAS Agricultural Total","18,160","15,884","30,594","22,275","27,580","28,674","US","CM","M1",
"91","Afghanistan","1","   FAS Agricultural Total","63,088","45,075","27,204","31,359","32,550","26,580","US","AF","M1",
"92","Iceland","1","   FAS Agricultural Total","17,883","18,099","22,205","21,828","22,797","25,288","US","IC","M1",
"93","Mozambique","1","   FAS Agricultural Total","72,517","50,652","34,229","19,295","10,374","24,559","US","MZ","M1",
"94","Senegal","1","   FAS Agricultural Total","13,502","3,715","19,157","21,829","11,784","22,151","US","SG","M1",
"95","Sierra Leone","1","   FAS Agricultural Total","25,089","29,896","17,404","18,925","22,703","21,466","US","SL","M1",
"96","Congo (Kinshasa)","1","   FAS Agricultural Total","47,376","79,598","39,648","55,163","26,090","21,049","US","CG","M1",
"97","Gambia, The","1","   FAS Agricultural Total","15,553","15,366","18,900","20,307","18,888","20,909","US","GA","M1",
"98","Cote d'Ivoire","1","   FAS Agricultural Total","11,689","19,746","17,410","21,046","7,758","19,277","US","IV","M1",
"99","Other Pacific Islands, NEC(*)","1","   FAS Agricultural Total","19,656","20,226","23,053","23,042","19,550","18,385","US","Z7","M1",
"100","Papua New Guinea","1","   FAS Agricultural Total","3,789","4,364","9,369","12,441","46,479","18,257","US","PP","M1",
"101","Serbia","1","   FAS Agricultural Total","7,447","9,677","14,355","13,364","18,394","18,121","US","R1","M1",
"102","Somalia","1","   FAS Agricultural Total","4,251","9,729","5,855","9,019","12,964","17,917","US","SO","M1",
"103","Togo","1","   FAS Agricultural Total","12,901","6,557","7,578","20,165","15,613","17,752","US","TO","M1",
"104","Gabon","1","   FAS Agricultural Total","30,304","28,770","33,250","38,583","31,342","17,576","US","GB","M1",
"105","Guinea","1","   FAS Agricultural Total","10,370","5,864","7,562","8,211","8,243","17,520","US","GV","M1",
"106","Micronesia","1","   FAS Agricultural Total","18,073","16,294","17,557","20,066","20,865","17,444","US","FM","M1",
"107","Benin","1","   FAS Agricultural Total","6,421","16,773","28,339","41,950","33,696","17,215","US","BN","M1",
"108","Samoa","1","   FAS Agricultural Total","15,162","15,060","14,700","13,709","13,990","16,283","US","WS","M1",
"109","Mauritania","1","   FAS Agricultural Total","9,377","13,727","26,809","19,254","20,449","15,745","US","MR","M1",
"110","Marshall Islands","1","   FAS Agricultural Total","9,128","11,625","12,120","14,095","13,205","13,990","US","RM","M1",
"111","Madagascar","1","   FAS Agricultural Total","12,282","11,116","4,392","285","4,185","11,163","US","MA","M1",
"112","Palau","1","   FAS Agricultural Total","8,933","8,866","8,922","10,605","11,687","10,286","US","PS","M1",
"113","Malawi","1","   FAS Agricultural Total","18,543","13,608","8,465","719","4,873","10,011","US","MI","M1",
"114","Namibia","1","   FAS Agricultural Total","17,663","10,220","8,938","2,843","8,937","9,557","US","WA","M1",
"115","Bosnia and Herzegovina","1","   FAS Agricultural Total","3,715","3,704","4,282","2,255","6,440","9,426","US","BK","M1",
"116","Albania","1","   FAS Agricultural Total","21,688","29,782","28,447","17,151","9,019","9,120","US","AL","M1",
"117","Equatorial Guinea","1","   FAS Agricultural Total","9,442","9,249","13,072","12,852","10,923","8,319","US","EK","M1",
"118","Zimbabwe","1","   FAS Agricultural Total","12,470","4,988","789","4,687","5,468","7,594","US","ZI","M1",
"119","Africa, not elsewhere specified(*)","1","   FAS Agricultural Total","14,252","6,087","8,656","3,808","3,146","7,384","US","X4","M1",
"120","Azerbaijan","1","   FAS Agricultural Total","18,419","37,860","25,777","23,730","7,245","7,046","US","AJ","M1",
"121","Kosovo","1","   FAS Agricultural Total","6,873","9,177","7,858","7,413","5,686","6,965","US","KV","M1",
"122","Nepal","1","   FAS Agricultural Total","10,068","4,254","1,620","2,740","1,034","6,864","US","NP","M1",
"123","French West Indies(*)","1","   FAS Agricultural Total","9,826","6,353","7,065","6,919","5,907","6,266","US","Y2","M1",
"124","Swaziland","1","   FAS Agricultural Total","2,191","6,438","6,629","8,850","4,595","6,159","US","WZ","M1",
"125","Brunei","1","   FAS Agricultural Total","4,971","5,347","5,677","5,439","4,809","5,794","US","BX","M1",
"126","Tajikistan","1","   FAS Agricultural Total","7,921","4,390","7,896","6,528","5,224","5,781","US","TI","M1",
"127","Burkina Faso","1","   FAS Agricultural Total","4,501","12,701","8,970","9,365","6,153","4,961","US","UV","M1",
"128","Macau","1","   FAS Agricultural Total","16,840","7,407","5,196","4,951","5,266","4,517","US","MC","M1",
"129","Armenia","1","   FAS Agricultural Total","11,898","10,163","16,322","12,917","4,140","4,342","US","AM","M1",
"130","Mali","1","   FAS Agricultural Total","2,506","10,664","8,738","2,619","6,150","4,207","US","ML","M1",
"131","Mongolia","1","   FAS Agricultural Total","8,911","13,327","14,230","12,894","6,193","3,399","US","MG","M1",
"132","Mauritius","1","   FAS Agricultural Total","4,411","2,277","3,163","2,182","2,590","2,499","US","MP","M1",
"133","Uganda","1","   FAS Agricultural Total","14,705","10,228","1,526","4,046","3,341","2,014","US","UG","M1",
"134","Syria","1","   FAS Agricultural Total","213,175","15,253","16,472","2,354","1,200","2,007","US","SY","M1",
"135","Niger","1","   FAS Agricultural Total","18,939","14,270","5,173","7,530","4,782","1,903","US","NG","M1",
"136","Burundi","1","   FAS Agricultural Total","10,367","6,289","3,339","958","3,396","1,855","US","BY","M1",
"137","Kyrgyzstan","1","   FAS Agricultural Total","10,387","23,445","17,701","5,786","2,910","1,854","US","KG","M1",
"138","Unidentified Countries","1","   FAS Agricultural Total","225,388","175,000","179,871","102","0","1,731","US","V8","M1",
"139","British Pacific Islands(*)","1","   FAS Agricultural Total","2,249","2,228","2,288","1,725","897","1,686","US","Z6","M1",
"140","French Guiana","1","   FAS Agricultural Total","1,243","1,240","1,802","1,395","1,400","1,411","US","FG","M1",
"141","Macedonia","1","   FAS Agricultural Total","158","1,374","1,206","2,361","2,588","1,354","US","MK","M1",
"142","Turkmenistan","1","   FAS Agricultural Total","534","8,023","23,784","19,426","7,147","1,343","US","TX","M1",
"143","Chad","1","   FAS Agricultural Total","18,053","11,833","2,235","7,109","2,948","1,323","US","CD","M1",
"144","Central African Republic","1","   FAS Agricultural Total","1,800","1,247","260","767","735","1,274","US","CT","M1",
"145","Belarus","1","   FAS Agricultural Total","1,120","2,524","1,690","4,587","1,625","1,223","US","BO","M1",
"146","Moldova","1","   FAS Agricultural Total","13,543","20,290","15,975","7,403","2,104","1,084","US","MD","M1",
"147","Uzbekistan, Republic of","1","   FAS Agricultural Total","1,542","1,029","5,410","3,480","3,289","1,059","US","UZ","M1",
"148","Laos","1","   FAS Agricultural Total","2,460","1,126","1,779","2,256","1,136","982","US","LA","M1",
"149","Southern Asia NEC(*)","1","   FAS Agricultural Total","2,262","2,730","1,815","1,716","709","896","US","X8","M1",
"150","French Ind. Ocean Territory(*)","1","   FAS Agricultural Total","30","183","331","1,542","1,303","853","US","X6","M1",
"151","Seychelles","1","   FAS Agricultural Total","447","476","941","986","839","772","US","SE","M1",
"152","Lesotho","1","   FAS Agricultural Total","6,775","13,615","53","0","31","701","US","LT","M1",
"153","Zambia","1","   FAS Agricultural Total","1,678","2,363","1,010","649","804","689","US","ZA","M1",
"154","Montenegro","1","   FAS Agricultural Total","2,357","2,522","3,175","3,798","702","546","US","MJ","M1",
"155","British Indian Ocean Territory","1","   FAS Agricultural Total","15","6","32","9","67","492","US","IO","M1",
"156","Comoros","1","   FAS Agricultural Total","576","629","993","629","348","304","US","CN","M1",
"157","Gibraltar","1","   FAS Agricultural Total","0","8","64","379","211","263","US","GI","M1",
"158","Mayotte","1","   FAS Agricultural Total","384","7,614","1,966","1,393","1,268","99","US","MF","M1",
"159","Botswana","1","   FAS Agricultural Total","114","550","537","463","72","81","US","BC","M1",
"160","Timor-Leste","1","   FAS Agricultural Total","6,490","24","171","23","868","73","US","TT","M1",
"161","Korea, North","1","   FAS Agricultural Total","359","521","286","2,059","529","71","US","KN","M1",
"162","Greenland","1","   FAS Agricultural Total","0","22","0","56","26","26","US","GL","M1",
"163","Rwanda","1","   FAS Agricultural Total","4,122","634","140","50","20","20","US","RW","M1",
"164","Saint Helena","1","   FAS Agricultural Total","17","28","81","104","65","19","US","SH","M1",
"165","Saint Pierre and Miquelon","1","   FAS Agricultural Total","0","0","0","0","0","17","US","SB","M1",
"166","Eritrea","1","   FAS Agricultural Total","0","0","0","0","50","4","US","ER","M1",
"167","Falkland Islands (Islas Malvinas)","1","   FAS Agricultural Total","9","187","46","16","6","0","US","FK","M1",
"168","Western Sahara","1","   FAS Agricultural Total","0","0","0","0","22","0","US","WI","M1",
"","Grand Total","","","136,444,449","141,550,211","144,356,064","149,983,066","133,052,531","134,888,570",
"Notes:"
"1. Data Source: U.S. Census Bureau Trade Data"
"2. (*) denotes a country that is a summarization of its component countries."
"3. Product Group : FAS &#40;Agricultural&#41;"